text,subreddit,utc_time,label,cognitive_rigid_score,external_blame_score,social_hostility_score,emotional_intensity,conspiratorial_thinking_score
"I'm impressed, the rather random subreddits of my hobby were all listed here.",Hobbies,1672011962.0,ideologically_very_mild,0.1,0.0,0.0,0.2,0.0
"Is it too late to get the Coding section updated? Here are the subreddits that I recommend:
r/learnprogramming

r/programming

r/webdev

r/python

r/learnpython

r/javascript

r/learnjavascript

r/reactjs

r/java

r/learnjava

r/c_programming

r/cpp

r/csharp

r/learncsharp",Hobbies,1695433800.0,ideologically_very_mild,0.2,0.0,0.0,0.1,0.0
I found it humorous that competitive eating and composting were right next to each other.,Hobbies,1689310349.0,ideologically_very_mild,0.1,0.0,0.0,0.2,0.0
This...is fantastic,Hobbies,1671610006.0,ideologically_very_mild,0.1,0.0,0.0,0.2,0.0
you forgot r/gaming,Hobbies,1673056169.0,ideologically_very_mild,0.2,0.1,0.1,0.2,0.1
Whoever did this deserves a medal it took me half an hour to go through it,Hobbies,1707019619.0,ideologically_very_mild,0.2,0.1,0.1,0.3,0.1
"I think r/BobbinLace and r/Nalbinding would fit nicely here! (unless I missed them in the list)

Edit: also r/Tatting and r/Kendo",Hobbies,1672539376.0,ideologically_very_mild,0.2,0.1,0.1,0.2,0.1
"3 insights from this list. There is a TON of drunk/high versions of subreddits. Also, I had no idea mycology/mushrooms were so popular.",Hobbies,1672014870.0,ideologically_very_mild,0.2,0.1,0.1,0.2,0.1
"Thank you for compiling this list. It is truly helpful to others. When you have time, separate Bonsai from the Bodybuilding section.",Hobbies,1671891824.0,ideologically_very_mild,0.2,0.1,0.1,0.2,0.1
I am new on here,CasualConversation,1741321802.0,ideologically_very_mild,0.1,0.1,0.1,0.1,0.1
"Hi. New to reddit. Not super good at talking to people, but trying to be more outgoing.",CasualConversation,1741346492.0,ideologically_very_mild,0.2,0.1,0.1,0.2,0.1
"I am here because someone mentioned it somewhere else here on reddit. And being curious, I followed the link. It was the first time I had even heard of the place despite being on reddit for a bit.",CasualConversation,1741496229.0,ideologically_very_mild,0.1,0.0,0.0,0.1,0.0
Hi! Just here to say I love Reddit and it‚Äôs made my crazy brain thoughts on some things not feel so crazy! ü§™,CasualConversation,1741465030.0,ideologically_mild,0.2,0.1,0.1,0.4,0.2
How are you,CasualConversation,1741653925.0,ideologically_very_mild,0.0,0.0,0.0,0.0,0.0
"Hello

I'm new to Reddit and looking forward to casual conversations. Thinking about what I want to talk about...I have lots of things on my mind.",CasualConversation,1741782672.0,ideologically_very_mild,0.1,0.0,0.0,0.2,0.0
do you love reddit or hate reddit (but using it anyway)?,CasualConversation,1741932326.0,ideologically_very_mild,0.2,0.1,0.1,0.3,0.1
It won‚Äôt let me speak in it üòî,CasualConversation,1742124771.0,ideologically_mild,0.2,0.1,0.1,0.5,0.1
Hi! What about you guys. I joined it yesterday and I think that it is the awesome part of reddit I should explore.,CasualConversation,1742194780.0,ideologically_very_mild,0.1,0.0,0.0,0.2,0.0
"Op, I have seen a number of such sources get scrubbed from the internet.  I encourage you to use something like Evernote to save these sources while they are here, because I think when sh8t starts getting real, they are going to vanish 'for reasons'.",MensRights,1733818922.0,ideologically_extreme,0.7,0.8,0.5,0.6,0.7
Thank you for all your obviously hard work. I'm going to be using this for reference the next time I need evidence of misandry.,MensRights,1733790451.0,ideologically_intermediate,0.7,0.5,0.4,0.5,0.3
"Feminists don‚Äôt care about facts, only emotions. They ‚Äòfeel‚Äô like the victims = ‚Äòproof‚Äô they are the victims.",MensRights,1733910570.0,ideologically_extreme,0.7,0.8,0.7,0.6,0.5
"Very nice compilation, thank you!",MensRights,1733774955.0,ideologically_very_mild,0.1,0.0,0.0,0.1,0.0
A depressing read.,MensRights,1733823424.0,ideologically_very_mild,0.2,0.1,0.1,0.4,0.1
Nice compilation of data. Let's spread the truth far and wide.,MensRights,1733798399.0,ideologically_mild,0.3,0.2,0.1,0.4,0.5
Nice compilation of data. Let's spread the truth far and wide.,MensRights,1733798429.0,ideologically_mild,0.3,0.2,0.1,0.4,0.5
"To add to this, men are also far less likely to get custody of their children in divorce court even if they are more than capable of providing for and raising their kids. Unrelated to that topic, but men also pay higher car insurance rates on average. Some states don‚Äôt take gender into account at all when it comes to insurance rates, but the majority do.",MensRights,1734332589.0,ideologically_mild,0.4,0.5,0.3,0.4,0.2
"**/r/NeutralPolitics is a curated space.** In order not to get your comment removed, please familiarize yourself with our [rules on commenting](https://www.reddit.com/r/NeutralPolitics/wiki/guidelines#wiki_comment_rules) before you participate: 1. Be courteous to other users. 1. Source your facts. 1. Be substantive. 1. Address the arguments, not the person. If you see a comment that violates any of these essential rules, click the associated *report* link so mods can attend to it. However, please note that the mods will not remove comments reported for lack of neutrality or poor sources. There is [no neutrality requirement for comments](https://www.reddit.com/r/NeutralPolitics/wiki/guidelines#wiki_neutral-ness) in this subreddit ‚Äî it's only the *space* that's neutral ‚Äî and a poor source should be countered with evidence from a better one.",NeutralPolitics,1743101410.0,ideologically_very_mild,0.2,0.1,0.1,0.1,0.0
"Not quite a real time update solution but I've been using this litigation tracker to track all the different legal challenges that have been filed so far.

It does have links to the relevant court docs via CourtListener and also links the related executive order that the challenge is for.

[https://www.justsecurity.org/107087/tracker-litigation-legal-challenges-trump-administration/](https://www.justsecurity.org/107087/tracker-litigation-legal-challenges-trump-administration/)

For full transparency, that website (Just Security) is operated by the Reiss Center which is part of the NYU School of Law.",NeutralPolitics,1743107960.0,ideologically_very_mild,0.2,0.1,0.1,0.2,0.2
"The Congressional Record (https://www.congress.gov/congressional-record) publishes a daily digest, plus a breakdown by house. They're not live updates, but summaries up to the previous day. 

Separately, the House of Representatives has a live updater (https://live.house.gov/), but I was unable to find one for the Senate.",NeutralPolitics,1743108884.0,ideologically_very_mild,0.2,0.1,0.1,0.2,0.1
I'm not sure how quickly they are posted but I saw this tool a fellow redditor made: Potustracker.us,NeutralPolitics,1743126833.0,ideologically_very_mild,0.2,0.1,0.1,0.2,0.1
"They've already started purging subs that hurt the Trump administration's feelings, claiming it was a 'bug'.",LateStageCapitalism,1738771722.0,ideologically_extreme,0.7,0.8,0.7,0.6,0.7
Thanks this sub was getting spicy and I was getting worried.,LateStageCapitalism,1738782271.0,ideologically_mild,0.2,0.1,0.2,0.4,0.1
"Like a friend of mine says: 'Always assume that every word you write in social media and apps *can* be used against you, so mind what you're saying via internet.'",LateStageCapitalism,1738787111.0,ideologically_mild,0.3,0.2,0.1,0.2,0.3
"Yuppers I'm with you on this and yes I've joined a couple anarchist leaning groups in the past and you are dead on the money. Nice folk but generally can't organize for shit unless it's a faux anarchist group that plays follow the leader (elevates one or two folk to positions of social authority and backs them).

Adding onto your point on feeding folk after a thought came to me from your post. **Mutual aid is logistics**, that is we need folk feeding those who need it, folk doing peer support for the community and each other to get through, educators building class consciousness and training up the community, healthcare professionals, and a whole host of other folk working to build and maintain a strong and resilient community. Activism is great, but without a resilient community the movement fizzles out.",LateStageCapitalism,1738769877.0,ideologically_intermediate,0.5,0.4,0.5,0.6,0.3
"I'm autistic (and incredibly tired atm) and something about this

Avoid organizations with a focus on horizontal power or who have a real issue with hierarchy.  

Isn't making sense to me. Can you / anyone elaborate on this? I feel like I'm missing a crucial piece of information and idk if it's just my brain not making connections.",LateStageCapitalism,1738809592.0,ideologically_very_mild,0.2,0.1,0.1,0.3,0.1
">throw a stand aside in with mildly coherent criticism

A what",LateStageCapitalism,1738769550.0,ideologically_very_mild,0.2,0.1,0.3,0.2,0.1
">We are NOT here to promote calls to violence

So...By Magic?.jpeg",LateStageCapitalism,1738810254.0,ideologically_intermediate,0.5,0.4,0.5,0.6,0.5
[deleted],LateStageCapitalism,1738770824.0,ideologically_very_mild,0.0,0.0,0.0,0.0,0.0
How did you guys get rid of the libs that took over this sub a while back?,LateStageCapitalism,1740525324.0,ideologically_extreme,0.7,0.8,0.7,0.5,0.4
Please do the 'love languages' next. They are ridiculously gendered.,FemaleDatingStrategy,1694022350.0,ideologically_mild,0.4,0.5,0.3,0.4,0.2
"What bothers me in all this is that in a few years' time, when the sky hasn't fallen and the government continues to hum along - in spite of all of the doom-saying and fearing mongering presently, no one on the left will ever admit that it was reasonable to evaluate the efficiency of the Federal government.

There remains this mind-boggling belief that the Federal government must only ever grow and your taxes must go up to feed the beast whatever it needs - and if you have the gall to ask where the money is going you're a bigot, racist, transphobe, nazi, and/or many of the other ""pejoratives"" that have lost all meaning.

Don't ask why the counties in MD and VA which surround DC are among the wealthiest per capita in the US you stupid bigot.",Conservative,1743170056.0,ideologically_extreme,0.9,0.8,0.7,0.9,0.5
"For all you panic brigading down voters, the result will be a 25% total reduction since the start of the adminstration. The new hire emphasis will be on frontline people and scientists. This is actually normal for a restructuring of any organization. You may now continue your hysterics and hyperbole.",Conservative,1743170546.0,ideologically_intermediate,0.7,0.5,0.7,0.6,0.4
Good!,Conservative,1743169019.0,ideologically_very_mild,0.0,0.0,0.0,0.0,0.0
But but I was told that grandma won‚Äôt get her money if that happens! Not that grandma will get her money more easily and the remaining staff will actually work a full day.,Conservative,1743169757.0,ideologically_intermediate,0.7,0.5,0.4,0.6,0.5
"I assure you an HR employee pushing paper does not improve your help. Now these people can get honest jobs in the private sector.

This is what I voted for.",Conservative,1743173040.0,ideologically_intermediate,0.7,0.5,0.5,0.6,0.4
The left will clutch their pearls and claim people are dying as a result.,Conservative,1743173044.0,ideologically_extreme,0.7,0.8,0.7,0.6,0.5
God when they say TDS I just know they have no fucking clue how the government works or the reasons behind decorum in the presidency. They also have no clue what Trump actually does - they just have an idealized version of him in their head. If he says something they don't agree with then its 4D chess or it is fake news. There are cases of Trump Derangement and it is called *supporting Trump*.,EnoughLibertarianSpam,1742821472.0,ideologically_extreme,0.7,0.8,0.7,0.6,0.5
False equivalence between anarchism and libertarianism?,EnoughLibertarianSpam,1742748159.0,ideologically_mild,0.4,0.2,0.3,0.3,0.2
"I had a rainbow hawk and I never got to burn anything down.

Where‚Äôs the justice?",EnoughLibertarianSpam,1742877647.0,ideologically_intermediate,0.5,0.4,0.3,0.6,0.2
Hey we‚Äôve got metal illness ü§òüèº üé∏,EnoughLibertarianSpam,1743135412.0,ideologically_mild,0.2,0.1,0.1,0.5,0.1
"If only there were a violent left movement in the US. We desperately need a Leon Czolgosz. Unfortunately, most ""leftists"" in the US are actually center right neoliberals who are more concerned about how they will afford the next iPhone upgrade than they are about the collapse of democracy in the US.",EnoughLibertarianSpam,1743164942.0,ideologically_extreme,0.9,0.8,0.7,0.9,0.5
[removed],TrueOffMyChest,1703710300.0,ideologically_very_mild,0.0,0.0,0.0,0.0,0.0
I was a reddit mod once years ago. Never again. The amount of people I had to ban because they told another user to k.l.l themselves in an online argument was just pure batshit. The things people say online really made me lose faith in real people.,TrueOffMyChest,1704917494.0,ideologically_extreme,0.7,0.5,0.7,0.8,0.4
Fuck you!,TrueOffMyChest,1703658423.0,ideologically_extreme,0.9,0.7,0.9,1.0,0.2
[deleted],TrueOffMyChest,1703665117.0,ideologically_very_mild,0.0,0.0,0.0,0.0,0.0
">All you have to do is go through it, read the content and decide whether to remove it, approve it and sometimes report or ban a user. The queue fills up fast and needs a lot of attention. Seriously, some of you need to lay off the spam reports.

How fast does it fill? Nonestly, if I could clone myself, modding problems of the world would have been solved, I spend much of my time reading a lot.

> If you're lucky, you'll get a death threat every now and then. Hooray! 

Boring, my minimum standard of being noted is a column of cars folowing me around. Anything below it and I would feel insulted.

>congrats! You made it to the actual app

Too late, I am going off the internet to live like a hermit on top of Mount Goats. But, thanks for the offer, I decided to give my time to something else and friends.",TrueOffMyChest,1703793393.0,ideologically_intermediate,0.5,0.4,0.5,0.6,0.3
I'd like to be a moderator for Reddit? Does it come with a salary or something like that?,TrueOffMyChest,1707310275.0,ideologically_very_mild,0.2,0.1,0.1,0.2,0.1
Lol....no,TrueOffMyChest,1705541080.0,ideologically_very_mild,0.1,0.0,0.2,0.1,0.0
"No, sorry. I like to touch grass üëç",TrueOffMyChest,1704006050.0,ideologically_very_mild,0.2,0.1,0.2,0.1,0.1
I genuinely wonder if people actually have becoming a Reddit mod as one of their wildest dreams..,TrueOffMyChest,1710999561.0,ideologically_very_mild,0.2,0.1,0.1,0.2,0.1
"LOCATION: Alpe di Siusi, Italy",natureisbeautiful,1743140503.0,ideologically_very_mild,0.0,0.0,0.0,0.0,0.0
Beautiful and seems peaceful.,natureisbeautiful,1743170362.0,ideologically_very_mild,0.1,0.0,0.0,0.2,0.0
Scandal is such a gentle word for masked men kidnapping women off the streets for writing an op-ed.,politics,1743160837.0,ideologically_extreme,0.7,0.8,0.7,0.9,0.5
"This is 100% pure fascism.  Rubio ticked me off the most yesterday.  Just what, little Marco, is the legal definition of 'causing a ruckus?'",politics,1743162440.0,ideologically_extreme,0.9,0.7,0.8,0.9,0.5
The scary part is he‚Äôs now controlling independent law firms. Like how is legal???,politics,1743161801.0,ideologically_intermediate,0.7,0.5,0.4,0.6,0.7
"Judge: You better not do it again, okay?

Trump: Okay.

*Trump does it again*

Judge: Ooooh you! I sentence you to ice cream for breakfast. You're just too cute!",politics,1743160838.0,ideologically_mild,0.2,0.1,0.1,0.5,0.1
"Specfically over their political views, literally criminalizing free speech.",politics,1743162223.0,ideologically_intermediate,0.7,0.5,0.6,0.7,0.4
The is fascism. WAKE UP,politics,1743163061.0,ideologically_extreme,0.9,0.7,0.8,0.9,0.5
That isn't a scandal.  That is a crime against humanity. This nazi shit is intolerable,politics,1743164309.0,ideologically_extreme,0.9,0.8,0.7,0.9,0.5
[removed],politics,1743161848.0,ideologically_very_mild,0.0,0.0,0.0,0.0,0.0
"Just a reminder for anyone who doesn't know this already... ""inalienable rights"" means that those rights are ""God-given"", or are innate, and cannot be taken away.  It has nothing to do with citizenship whatsoever.  It is a statement of what our country supposedly believes about people.

> The 14th Amendment ensures that ‚Äú‚Ä¶nor shall any State deprive any person of life, liberty, or property, without due process of law; nor deny to any person within its jurisdiction the equal protection of the laws.‚Äù U.S. Const. amend. XIV

https://www.maniatislawoffice.com/blog/2018/08/do-non-citizens-have-constitutional-rights/",politics,1743164864.0,ideologically_mild,0.7,0.2,0.3,0.4,0.1
