text,cognitive_rigid_score,external_blame_score,social_hostility_score,buzzword_density,emotional_intensity,identity_fusion_score,conspiratorial_thinking_score
"> Private contact details of the most important security advisers to U.S. President Donald Trump can be found on the internet. DER SPIEGEL reporters were able to find mobile phone numbers, email addresses and even some passwords belonging to the top officials.

Holy fuck‚Ä¶",0.5,0.4,0.5,0.0,0.7,0.2,0.5
"If this data is easily found by journalists, imagine how hard they've been hacked by foreign adversaries.

""Opsec clean"" my arse.",0.7,0.8,0.5,0.4,0.7,0.2,0.7
"when I said the incompetence was fucking infinite, I didn't think it was THIS fucking infinite",0.7,0.5,0.6,0.0,0.9,0.1,0.0
"It's been two months.

Two months.

Fuck.",0.2,0.1,0.1,0.0,0.7,0.0,0.0
That's ok Trump will just executive order the internet not to exploit them,0.5,0.4,0.3,0.2,0.4,0.2,0.5
Why is this being deleted?,0.2,0.1,0.1,0.0,0.2,0.1,0.1
"Honestly, it wouldn't surprise me if Donald gets himself assassinated because of the incompetence of his administration.",0.7,0.8,0.5,0.0,0.6,0.2,0.7
They are going to start having serious issues in the Pentagon and uniformed services in general if this act keeps up.,0.5,0.7,0.4,0.2,0.5,0.3,0.4
"Don‚Äôt worry, they‚Äôre all clear on OPSEC",0.2,0.1,0.1,0.5,0.2,0.1,0.4
This is something you see in another country and thank God you don't live there. This is fucking terrifying.,0.7,0.5,0.5,0.0,0.9,0.2,0.1
It‚Äôs The American Gestapo!,0.9,0.8,0.7,0.9,0.9,0.2,0.7
This has disgusted me in a way that nothing this administration has done in past 60ish days has.,0.7,0.5,0.4,0.0,0.8,0.2,0.1
"Every ‚ÄúI know he‚Äôs a bad dude, but his policies!‚Äù Voter should watch this.",0.5,0.4,0.5,0.2,0.6,0.3,0.2
"For those of you that remember Kent State (May 4, 1970), it's time to be frightened in the good ol' US&A.",0.5,0.4,0.3,0.2,0.6,0.4,0.5
Nothing screams freedom like government agents putting on sunglasses and masks as they arrest someone who hasn't been charged with a crime.,0.7,0.8,0.5,0.2,0.7,0.4,0.6
She wrote an op-ed speaking poorly about the current administration. She's under F1 status. She is here legally. They will start coming for citizens within a year. Any of us could be next. They have to be stopped.,0.7,0.8,0.5,0.4,0.7,0.5,0.7
"Absolutely fucking disgusting that this is happening in the United States.  All the people that think this is okay are traitors to the constitution and I wish they'd leave and move to a dictatorship if that's what they want, rather than turn this nation into one.",0.9,0.8,0.7,0.5,0.9,0.4,0.5
This is about three miles from me. I feel ill.,0.1,0.0,0.0,0.0,0.2,0.0,0.0
Wait til American media starts reporting about the treasure trove of passwords and data the Germans just found available on the internet.,0.4,0.5,0.3,0.2,0.5,0.2,0.6
The first thing he screwed up recently was being appointed by Herr rapist.,0.7,0.8,0.9,0.5,0.8,0.2,0.4
"Stop asking and fire him after charging him for violation of the federal records act, violation of the espionage act! Tulsi Gubbard and those that lied under oath need to be arrested for treason and conspiracy against the USA and we Americans! Enough is enough! Tulsi Gubbard was way too comfortable playing a ‚Äúdemocrat‚Äù and lying to us now she‚Äôs comfortable lying to the American people about everything while putting many lives at risk! She‚Äôs way too comfortable at home while many lives are being risked to go fight a fight we don‚Äôt want! She is a domestic terrorist and needs to be held accountable! She forgets we can protest her and the rest of these far right garbage the same way we have with Elon Musk!",0.9,0.8,0.7,0.6,0.9,0.5,0.7
"Drug test, please.",0.2,0.1,0.1,0.0,0.1,0.0,0.0
"Hesgeth is never resigning until America's sold to Putin,or When Trump announces a dictatorship.",0.9,0.8,0.7,0.6,0.9,0.2,0.7
"Is Hegseth really worth saving? Theres gotta be dozens other cronies that can do the same thing that Trump wants. Have him fall on the sword, Elon can send him some Bitcoin and we can move on.",0.5,0.4,0.5,0.3,0.4,0.2,0.3
"I mean, his own *mother* thinks he‚Äôs a piece of shit. That should have been a big, honking red flag‚Ä¶ but unfortunately being an incompetent piece of shit is the one qualification Trump seems to demand of his cabinet members. So here we are, I guess‚Ä¶",0.7,0.8,0.9,0.2,0.8,0.1,0.4
"Hegseth and Waltz are definitely gone. After reading the actual messages today I get the impression Kelly was aware of their content before questioning Gabbard yesterday.

No one is asking what the Atlantic spent last week doing. But clearly they were preparing. Everything the WH has said so far is predictable:

- Attack Goldberg
- Deny that information was classified
- Deny that information was war plans
- Down play impact
- Protect Hegseth

I don‚Äôt think Atlantic has quite managed to get their full story across yet. The cover-up is always worse than the event, what was the cover-up here?",0.7,0.8,0.5,0.4,0.6,0.3,0.7
"And a drunken Hegseth with likely respond by calling him a traitor among other things. The incompetence of this administration has now actually reached the level of some shit you would only expect to see is a satirical hollywood movie. Something like 'Don't Look Up,' seems about right.",0.7,0.8,0.7,0.4,0.6,0.2,0.5
"That would be a good start. Congress needs to demand a special prosecutor, because there is no way DOJ does this job.",0.5,0.7,0.4,0.2,0.5,0.3,0.6
Waltz and Hegseth should also be prosecuted.,0.5,0.7,0.5,0.0,0.4,0.2,0.3
Perjury laws mean nothing if they are never enforced.,0.4,0.5,0.3,0.0,0.3,0.1,0.4
"I agree, but can we stop with the use of the -gate suffix for everything?",0.2,0.1,0.1,0.0,0.2,0.0,0.0
Yes absolutely! Lock them up,0.7,0.8,0.9,0.0,0.7,0.2,0.0
"Time for a Benghazi-style investigation! Republicans should all be on board, right? Serious ineptitude. Major irresponsibility. Endangering the lives of the military. These are big Republican concerns, right?",0.7,0.8,0.5,0.6,0.7,0.4,0.5
Nadler's calls for their prosecution plus $4.50 will get you a Cafe Latte Grande at Starbucks.,0.2,0.4,0.5,0.1,0.3,0.2,0.2
Doesn‚Äôt Gabbard have diplomatic immunity from Russia?,0.2,0.1,0.1,0.0,0.1,0.0,0.2
Republicans never prosecute their own,0.7,0.8,0.6,0.0,0.5,0.2,0.4
"Cool, cool - how do we get from ‚Äúpunishable by‚Äù to ‚Äúpunished with?‚Äù",0.1,0.0,0.0,0.0,0.0,0.0,0.0
Trump says journalists are enemies of the people. Hegseth gave classified information to a journalist. Therefor Hegseth game classified information to the enemy. Hegseth should face the firing squad?,0.9,0.8,0.7,0.5,0.9,0.4,0.7
"Get the process started to charge them with perjury, make the GOP quash it, and then make noise ad nauseum about being a ‚Äúnation of laws‚Äù and beat that fucking drum till the end of time.",0.7,0.8,0.7,0.6,0.9,0.4,0.5
They lied under oath. They attempted to circumnavigate record retention laws. They committed what are likely war crimes. They are showing us their contempt for our laws and for their constituents.,0.9,0.8,0.7,0.5,0.9,0.4,0.7
This is what happens when you nominate a drunk as Defense Secretary and multiple russian agents in cabinet positions...,0.7,0.8,0.7,0.5,0.9,0.2,0.7
Didn‚Äôt Clinton get impeached for lying under oath? Well he wasn‚Äôt a republican so I guess that what really matters to them.,0.7,0.5,0.6,0.4,0.5,0.4,0.5
"When the criminals are in charge, only non criminals are imprisoned.",0.7,0.8,0.5,0.0,0.6,0.2,0.7
Honestly I would be okay if the people that lied here were put in prison. These people are actively trying to undermine the country.,0.7,0.8,0.7,0.3,0.6,0.4,0.5
The use of SIGNAL is the big story here.,0.2,0.1,0.1,0.5,0.2,0.1,0.1
"**/r/NeutralPolitics is a curated space.** In order not to get your comment removed, please familiarize yourself with our [rules on commenting](https://www.reddit.com/r/NeutralPolitics/wiki/guidelines#wiki_comment_rules) before you participate: 1. Be courteous to other users. 1. Source your facts. 1. Be substantive. 1. Address the arguments, not the person. If you see a comment that violates any of these essential rules, click the associated *report* link so mods can attend to it. However, please note that the mods will not remove comments reported for lack of neutrality or poor sources. There is [no neutrality requirement for comments](https://www.reddit.com/r/NeutralPolitics/wiki/guidelines#wiki_neutral-ness) in this subreddit ‚Äî it's only the *space* that's neutral ‚Äî and a poor source should be countered with evidence from a better one.",0.2,0.1,0.1,0.0,0.1,0.0,0.0
"The graphic novel twist is a novel approach to this topic, so I'll look forward to some of the responses, but I also want to point out that the [""news sources"" section of our Frequent Topics wiki](https://www.reddit.com/r/NeutralPolitics/wiki/frequenttopics#wiki_news_sources) has links to previous discussions resulting from similar questions.",0.2,0.1,0.1,0.0,0.2,0.1,0.0
"*The Collapse of Complex Societies*.

*The Origins of Political Order* and *Political Order and Political Decay*",0.2,0.1,0.1,0.0,0.1,0.0,0.0
"David Harvey's 'Seventeen Contradictions and the End of Capitalism' (which neatly summarises a lot of Marx), 'Keynes Against Capitalism' by James Crotty (which highlights how orthodox economists have neuteured the radicalism of Keynes), 'The Reactionary Mind' by Corey Robin (which examines conservatism's goals from the age of monarchy to modern MAGA), and look into books by ecological economists like Herman Daly, Frederick Soddy (prophetic), Georgesu Rogan and Tim Jackson.",0.2,0.3,0.1,0.4,0.2,0.2,0.1
"They Thought They Were Free, by Milton Mayer (1908-1986)",0.2,0.1,0.1,0.0,0.1,0.2,0.1
"I have to preface this, because their work has haunted those who defend our economic system to this day - so there‚Äôs plenty of bad propaganda that will try to steer you away from their work. 

Check out Marx‚Äôs Kapital for beginners by David Smith and Phil Evans 

Its fully illustrated and covers the work made by Marx in a way thats easy to understand. People say they want to understand economics, what they mean to say is they want to understand capitalism - and once you understand capitalism, as a worker, you‚Äôll want to make a few changes

https://archive.org/details/marxskapitalforb00smit

Its free with an internet archive account",0.6,0.5,0.4,0.5,0.5,0.4,0.3
"Hi!

I‚Äôd like to propose the following books:

‚Ä¢ Freakeconomics by Steven Levitt & Stephen Dubner

‚Ä¢ Why nations fail by Daron Acemoglu & James Robinson

‚Ä¢ The ascent of money by Niall Fergusson

‚Ä¢ Civilisation: why the west beat the rest by Niall Fergusson

‚Ä¢ Diplomacy and World Order by Kissinger",0.2,0.1,0.1,0.0,0.1,0.0,0.0
[The Globalization of World Politics: An Introduction to International Relations](https://www.amazon.co.uk/Globalization-World-Politics-Introduction-International/dp/0198739850),0.1,0.1,0.1,0.0,0.0,0.0,0.0
"**/r/NeutralPolitics is a curated space.** In order not to get your comment removed, please familiarize yourself with our [rules on commenting](https://www.reddit.com/r/NeutralPolitics/wiki/guidelines#wiki_comment_rules) before you participate: 1. Be courteous to other users. 1. Source your facts. 1. Be substantive. 1. Address the arguments, not the person. If you see a comment that violates any of these essential rules, click the associated *report* link so mods can attend to it. However, please note that the mods will not remove comments reported for lack of neutrality or poor sources. There is [no neutrality requirement for comments](https://www.reddit.com/r/NeutralPolitics/wiki/guidelines#wiki_neutral-ness) in this subreddit ‚Äî it's only the *space* that's neutral ‚Äî and a poor source should be countered with evidence from a better one.",0.1,0.0,0.0,0.0,0.0,0.0,0.0
"Just from a verbatim reading of the various links you provided, especially [HR1968](https://www.congress.gov/bill/119th-congress/house-bill/1968/text#toc-H1BCAC964C0CC4BB899737B049667213F), it makes it so that costs related to various Public Health initiatives, Medicare, Medicaid, medical staffing costs, and six month extensions to a handful of programs, do not have to be balanced by other changes to the budget. Typically, both the House and the Senate require additional spending to be compensated by cuts to other items, or tax increases.",0.2,0.0,0.0,0.1,0.1,0.0,0.0
[removed],0.0,0.0,0.0,0.0,0.0,0.0,0.0
[removed],0.0,0.0,0.0,0.0,0.0,0.0,0.0
"**/r/NeutralPolitics is a curated space.** 

In order not to get your comment removed, please familiarize yourself with our [rules on commenting](https://www.reddit.com/r/NeutralPolitics/wiki/guidelines#wiki_comment_rules) before you participate:

1. Be courteous to other users.
1. Source your facts.
1. Be substantive.
1. Address the arguments, not the person.

If you see a comment that violates any of these essential rules, click the associated *report* link so mods can attend to it.

However, please note that the mods will not remove comments reported for lack of neutrality or poor sources. There is [no neutrality requirement for comments](https://www.reddit.com/r/NeutralPolitics/wiki/guidelines#wiki_neutral-ness) in this subreddit ‚Äî it's only the *space* that's neutral ‚Äî and a poor source should be countered with evidence from a better one.",0.2,0.1,0.1,0.0,0.0,0.0,0.0
"A few people here have said this is essentially the same continuing resolution as the last one that was passed. What about the directive to cut $880 Billion over the next 10 years, ~~which would likely have to be largely taken from Medicaid?~~ Did that change before the bill left the House? Was anything like that in the previous continuing resolution?

[https://kffhealthnews.org/news/article/house-republican-budget-cuts-medicaid-billions/](https://kffhealthnews.org/news/article/house-republican-budget-cuts-medicaid-billions/)


Edited to omit the part about Medicaid, the impact to which is speculative--but my question about the overall cuts remains.",0.2,0.1,0.1,0.0,0.3,0.2,0.0
[removed],0.0,0.0,0.0,0.0,0.0,0.0,0.0
[removed],0.0,0.0,0.0,0.0,0.0,0.0,0.0
"The continuing resolution funds the government. Not funding the government leads to halting of all nonessential services. Who gets to decide what‚Äôs essential? Trump

Congress has its constitutional prerogative and it can decide to use it or not. The legislative can‚Äôt make something constitutional by merely passing one law.",0.5,0.4,0.3,0.2,0.4,0.2,0.3
[removed],0.0,0.0,0.0,0.0,0.0,0.0,0.0
"The Constitution is a piece of paper.

The people are supposed to implement those checks and balances. If they don't it's not a failing of the Constitution, but of the country.

Edit to add: OP is asking for an opinion, not discussing facts.",0.4,0.5,0.3,0.0,0.2,0.1,0.1
[removed],0.0,0.0,0.0,0.0,0.0,0.0,0.0
"I feel there is a few mechanisms needed that we don‚Äôt have.
1- Recall legislators and senators.
2- A way for the judicial to stop executive orders when a lot of them are being done that are infringing. Overloading the system shouldn‚Äôt be a mechanism.
3- We really need to do something about local propaganda and speech when its from one person to a mass of people.
4- We need to switch campaign donations. For example Elon Musk donations were huge to a super pac and technically he wasn‚Äôt coordinating with the game but was in the rallies speaking‚Ä¶. He is not the only instance of it just the mosy egregious",0.4,0.5,0.3,0.2,0.4,0.2,0.4
"What Trump is doing is exercising plenary power over the executive branch of government. This is a [legitimate legal theory](https://www.acslaw.org/tag/plenary-powers/?post_type=acsblog), one that Trump‚Äôs supporters amd advisers subscribe to. He is exercising his constitutional authority to the maximum extent possible, but generally only in the ways that the constitution permits: foreign policy and management of the executive branch of government.",0.4,0.2,0.1,0.3,0.2,0.5,0.3
[removed],0.0,0.0,0.0,0.0,0.0,0.0,0.0
[removed],0.0,0.0,0.0,0.0,0.0,0.0,0.0
"There will not be evidence that the US has been ripped off or not because (1) it is a value judgment not a fact and (2) the effects of these deals are complex and require deep deep study by scientists and economic analysts. International trade is not zero sum, and it's not simple. There will be some losers even if the net value is positive. So Trump can claim the US got ripped off by pointing to a loser in a specific trade that he feels bad for. Trump could provide some evidence for a specific downside of a trade deal but that won't mean *you* agree it's the right interpretation, because there is likely to be an upside that maybe you value more than Trump does. See this article released by the St Louis Federal Reserve from during Trump's 1st term for some more details: https://www.stlouisfed.org/publications/page-one-economics/2017/11/01/does-international-trade-create-winners-and-losers",0.3,0.2,0.1,0.0,0.2,0.1,0.1
"The EU also imposes a 10% tariff on imported cars. Yet the U.S. only imposes a 2.5% tariff.

This is true, but it ignores that the US has a large 25% tariff on foreign-made trucks. Whereas the EU uses the same 10% tariff cited by the WH above.

https://www.cbp.gov/trade/basic-import-export/importing-car#:~:text=Foreign%2Dmade%20vehicles%20imported%20into,Trucks%2025%25

I suspect that there will be similar context to much of what the WH cites. There may not always be 1:1 tariffs on a particular product category, but you may find other tariffs on related or unrelated products. By selectively citing only some of the tariffs, the WH paints a misleading picture. That's my suspicion at least, I don't have the time to investigate every listed category.",0.4,0.5,0.3,0.2,0.4,0.2,0.5
"I‚Äôm not qualified to answer the question, but I want to applaud you for HOW you posed it. If more of Reddit would attempt to ask for both sides of any particular question, we‚Äôd be a much happier and healthier community.",0.2,0.1,0.1,0.0,0.3,0.2,0.0
"TRUMP....MADE....THE....CURRENT...DEAL...USMCA. 

Trump January 30th 2020:

The USMCA is the fairest, most balanced, and beneficial trade agreement we have ever signed into law.  It‚Äôs the best agreement we‚Äôve ever made, and we have others coming.  And, by the way, the China deal, two weeks ago, was just signed.  And that‚Äôs going to bring $250 billion into our country.  (Applause.)  One after another.",0.7,0.2,0.3,0.5,0.6,0.4,0.2
"China has been accused of artificially manipulating their currency to give them an unfair advantage in trade.
https://home.treasury.gov/news/press-releases/sm751
Trump is obviously trying to use tarrifs.  Democrats have favored an approach of working with the global community to force China to play by the rules, but I don‚Äôt know the strategy for doing that and/or if any progress was ever made on that front.  I tend to agree that much of the ‚Äúripped off‚Äù rhetoric is false as others have mentioned.",0.4,0.5,0.3,0.2,0.3,0.2,0.4
"They've already started purging subs that hurt the Trump administration's feelings, claiming it was a 'bug'.",0.7,0.8,0.7,0.5,0.6,0.4,0.5
Thanks this sub was getting spicy and I was getting worried.,0.2,0.1,0.1,0.0,0.3,0.2,0.1
"Like a friend of mine says: 'Always assume that every word you write in social media and apps *can* be used against you, so mind what you're saying via internet.'",0.2,0.1,0.1,0.0,0.2,0.1,0.1
"Yuppers I'm with you on this and yes I've joined a couple anarchist leaning groups in the past and you are dead on the money. Nice folk but generally can't organize for shit unless it's a faux anarchist group that plays follow the leader (elevates one or two folk to positions of social authority and backs them).

Adding onto your point on feeding folk after a thought came to me from your post. **Mutual aid is logistics**, that is we need folk feeding those who need it, folk doing peer support for the community and each other to get through, educators building class consciousness and training up the community, healthcare professionals, and a whole host of other folk working to build and maintain a strong and resilient community. Activism is great, but without a resilient community the movement fizzles out",0.4,0.5,0.3,0.6,0.5,0.7,0.4
"I'm autistic (and incredibly tired atm) and something about this

Avoid organizations with a focus on horizontal power or who have a real issue with hierarchy.  

Isn't making sense to me. Can you / anyone elaborate on this? I feel like I'm missing a crucial piece of information and idk if it's just my brain not making connections.",0.2,0.1,0.1,0.0,0.3,0.2,0.0
">throw a stand aside in with mildly coherent criticism

A what",0.2,0.1,0.1,0.0,0.1,0.0,0.0
So...By Magic?.jpeg,0.2,0.3,0.2,0.1,0.4,0.2,0.3
[deleted],0.0,0.0,0.0,0.0,0.0,0.0,0.0
How did you guys get rid of the libs that took over this sub a while back?,0.7,0.8,0.7,0.6,0.5,0.4,0.5
DO NOT call to brigade another sub.  You will get banned from this one if you do.,0.7,0.4,0.5,0.0,0.6,0.2,0.0
"makes sense but I guess I don‚Äôt know ‚Äî what is brigading, actually?  and, is it different than inviting folks to check out another sub with some thoughtful, earnest conversations, counterpoints, and perspectives? and is it brigading (I guess importantly for this discussion: does Reddit corporate consider it to be) even without toxicity?",0.2,0.1,0.1,0.0,0.2,0.1,0.0
Reddit is against unionising too ü§†/j,0.2,0.3,0.2,0.4,0.3,0.1,0.2
Lol we all know which ones,0.4,0.5,0.3,0.0,0.2,0.2,0.4
Should different subs not talk to each other?,0.2,0.1,0.1,0.0,0.1,0.2,0.0
"What if the actions reported were people acting in bad faith to try and get the sub shit down, ie [agent provocateurs](https://en.m.wikipedia.org/wiki/Agent_provocateur) for example",0.7,0.8,0.5,0.5,0.6,0.4,0.7
[deleted],0.0,0.0,0.0,0.0,0.0,0.0,0.0
Okay but I did a screencap and it got deleted because it required a link. Idk how to play dog.,0.2,0.0,0.0,0.0,0.1,0.0,0.0
"##Welcome to r/LateStageCapitalism

 This subreddit is for news, discussion, memes, and links criticizing capitalism and advancing viewpoints that challenge liberal capitalist ideology. That means any support for any liberal capitalist political party (like the Democrats) is strictly prohibited.

 LSC is run by communists. This subreddit is not the place to debate socialism. We allow good-faith questions and education but are not a 101 sub; please take 101-style questions elsewhere.

 We have a zero-tolerance policy for bigotry. Failure to respect the rules of the subreddit may result in a ban.",0.9,0.8,0.7,0.6,0.5,0.7,0.4
So his definition of a country is a collection of reactionaries. And people say zionism isn't a fascist movement.,0.7,0.8,0.7,0.5,0.6,0.4,0.5
"Shows a lot about the movement that their founder couldn't conceive of the idea of nationhood coming from a shared culture, desire to be part of a larger society or just for shared survival.",0.6,0.4,0.5,0.2,0.4,0.3,0.2
Oscar Isaac has a slam dunk role if he ever wants it.,0.1,0.0,0.0,0.0,0.2,0.0,0.0
What sort of warped pathology makes you this incapable of love and empathy that you can't even imagine people working together *for* each other rather than *against* The Outsider?,0.7,0.8,0.7,0.5,0.9,0.4,0.5
"So, literally a Nutzi definition of nation (Carl Schmitt).",0.7,0.5,0.6,0.5,0.4,0.3,0.4
If our dude could have found some Maria Juana he would not had been so pessimist,0.2,0.0,0.0,0.1,0.3,0.1,0.0
Nonsense‚Ä¶there are historical examples of nations maintaining neutrality in the interest of peace‚Ä¶you would think after all the bloodshed in the Levant that a more humane approach to statecraft would be in vogue by now,0.4,0.5,0.3,0.2,0.5,0.2,0.1
Their common enemy is 'everyone but us',0.7,0.8,0.6,0.0,0.5,0.7,0.4
Thats Oscar Isaac,0.0,0.0,0.0,0.0,0.0,0.0,0.0
"*It is difficult to get a person to understand something, when their salary depends on them not understanding it* - Upton Sinclair, others",0.4,0.5,0.3,0.0,0.4,0.2,0.5
"Every US administration has denied the existence of Israel's nuclear arsenal. Here's an example from 2016: In April 2023, former Israeli Prime Minister Ehud Barak deleted a tweet acknowledging Israel‚Äôs nuclear arsenal, which the US government has also always denied. It is against US federal law to provide economic and military aid to countries with nuclear weapons who haven't signed the Non-Proliferation Treaty. In Oct. 2022, the UN voted that Israel must dispose of its nuclear arsenal. Of course, the US, Israel, and others opposed this. The five nations that opposed Friday‚Äôs resolution on the ‚Äúrisk of nuclear proliferation in the Middle East‚Äù were: Canada, Israel, Micronesia, Palau and the United States. Yet historically, there have been consequences for Americans who break that nuclear ambiguity. The game is rigged.",0.7,0.8,0.5,0.6,0.7,0.4,0.7
Nobody gives a shit about the JFK files. Unless you're trying to deflect.,0.7,0.5,0.6,0.0,0.7,0.2,0.4
"I always thought it had something to do with being slightly less deranged by talking about how colonized countries have a right to self determination, and the last straw was refusing operation northwoods, and the MIC took him out. But nope, it seems to be the other deranged ethno nationalists.",0.7,0.8,0.7,0.6,0.7,0.4,0.5
Even the conspiracy nuts knew releasing the files was just a distraction.,0.5,0.4,0.7,0.3,0.5,0.2,0.6
"In case some of you may not know, Israel right now is trying to associate JFK assignation with antisemitism. Talk about being guilty.",0.7,0.8,0.5,0.4,0.6,0.2,0.7
I feel like it‚Äôs the same tactic as the aliens.,0.4,0.3,0.2,0.1,0.5,0.2,0.7
Pay no attention to that here are some famous people‚Äôs social security numbers,0.3,0.0,0.2,0.0,0.1,0.0,0.5
"I keep thinking spox is short for smallpox, which, fair",0.2,0.1,0.1,0.0,0.1,0.0,0.0
"##Welcome to r/LateStageCapitalism

 This subreddit is for news, discussion, memes, and links criticizing capitalism and advancing viewpoints that challenge liberal capitalist ideology. That means any support for any liberal capitalist political party (like the Democrats) is strictly prohibited.

 LSC is run by communists. This subreddit is not the place to debate socialism. We allow good-faith questions and education but are not a 101 sub; please take 101-style questions elsewhere.

 We have a zero-tolerance policy for bigotry. Failure to respect the rules of the subreddit may result in a ban.",0.7,0.5,0.4,0.6,0.5,0.8,0.4
Please do the 'love languages' next. They are ridiculously gendered.,0.4,0.5,0.3,0.2,0.4,0.2,0.1
I am simply asking for men to stop beating women during sex is all,0.4,0.5,0.3,0.0,0.6,0.2,0.0
[deleted],0.0,0.0,0.0,0.0,0.0,0.0,0.0
I think we should bring back kink shaming.,0.7,0.5,0.8,0.2,0.6,0.4,0.1
"In the article mentioned of the 1996 couple whose husband branded his wife's arse with HIS initials, okay it's 'consensual' and then it got infected, WHERE was the ""after care"" for it? Huh?",0.7,0.5,0.4,0.0,0.6,0.2,0.0
People always try to guilt their partners into doing something for their own sexual gratification.,0.5,0.7,0.5,0.0,0.6,0.2,0.3
Bring back kink shaming.,0.7,0.4,0.8,0.2,0.6,0.1,0.3
this title I am here for this tea ü§©ü§©,0.1,0.0,0.0,0.0,0.5,0.0,0.0
"Not remotely surprised. It's the biggest problem in that subculture yet the focus is on the 'predators'. They can't see the plain sight ones, cos, 'consent'. Cos there's anything different between a man wanting to punch a woman in the face with or without that /s

There's a huge difference between an arse spanking and a face punch, yet both are fine in that world.",0.7,0.8,0.7,0.5,0.9,0.4,0.5
[deleted],0.0,0.0,0.0,0.0,0.0,0.0,0.0
"I think it‚Äôs a great idea to bring on a 3rd host. Reaux & Savannah, I love you but we need some fresh perspectives, particularly from someone who is still active in the 2023 dating scene and willing to share their stories/lessons. Lately I just don‚Äôt feel like I‚Äôm learning anything new that actually contributes to how I approach men & dating. I want less ‚ÄúLove is Blind‚Äù and royal family commentary, more strategy & radical feminism & politics. Also really liked the career series, it was super informative and I appreciate Reaux‚Äôs passion and knowledge. Glad to see you guys acknowledge FDS as an ethos and not just a convo between 2 people!",0.4,0.2,0.1,0.5,0.6,0.4,0.1
"With the new voting laws coming down the line, no woman should ever give up her name, ever ever ever.",0.7,0.5,0.4,0.0,0.6,0.5,0.2
"I think each couple should decide what works for them. My gay friends who adopted kids don‚Äôt have a woman involved, so they used both of their surnames, one as a middle name and one as a last name. I think that was a nice solution.",0.2,0.1,0.1,0.0,0.2,0.4,0.1
"I think you should do what you and a possible partner wants.

Me and my fiance are gonna combine our last names, so our children will have both.",0.1,0.0,0.0,0.0,0.2,0.4,0.0
I have my mother's and grandmother's last name.,0.1,0.0,0.0,0.0,0.0,0.2,0.0
"Each family should decide for themselves what works for them -- sometimes a woman dislikes her birth name and prefers to take her spouse's name, sometimes the parents are a gay couple, sometimes a woman has a very difficult last name and wants her kids to have her spouse's easier last name, etc. -- but I agree that, if there are two parents and one of them is the gestational parent, and if they have different last names, then the default option should be for the child to get the last name of the gestational parent. If a couple is having a child via gestational surrogacy but with their own egg, then the last name should still default to whichever member of the couple provided the egg, since egg retrieval is an invasive procedure. If a couple has a child via adoption or via gestational surrogacy + egg donor, then they'll have to use other factors to decide the last name.",0.2,0.1,0.1,0.0,0.3,0.4,0.0
"Do whatever you want. Some cultures give both, some cultures make a new hybrid name. Personally, we're giving both. I'm an only child from a family with all girls, so my name will die off if I don't. I'm also Black and a descendant of enslavement and our names are a map to from whence we came. I also want any of my male children to know where their Y-chromosome traces to, but that's what I want for my family. Do whatever suits you; it's in your authority.",0.4,0.2,0.1,0.3,0.5,0.6,0.2
We gave our kids both our surnames.,0.1,0.0,0.0,0.0,0.1,0.2,0.0
"Problems I‚Äôve never even seen in my life‚Ä¶ I mean, in Spain women keep their last name, and the order of the children‚Äôs surnames is decided by the parents.

Maybe every other country should go the spanish way!

2 surnames and the parents pick the order lol",0.4,0.2,0.1,0.0,0.3,0.2,0.0
"echoing this: Why would it be impossible for an all female staff to run a hotel?

As to the premise- it really depends on the circumstances whether or not gender segregation of this nature is like feminist in any way - I think in a context where women can't safely go to a co-ed staffed hotel or male-run hotel for some reason, or where women can't safely work at a co-staffed hotel etc. than segregated hotels might make some sort of sense as a corrective action.

Long term I don't think feminism really celebrates gender segregation as a solution for sexism - in general I think ""separate but equal"" is a policy failure and does nothing to address underlying biases or prejudices - if men and women can't work or live together in most public environments that really suggests there are some persistent underlying problems.

As a single hotel in a single place, it seems more like a PR move than a meaningful political statement.",0.4,0.3,0.2,0.2,0.3,0.4,0.1
"How would it be ""impossible"" for a hotel to be run with all-female staff?

I don't know that it ""creates opportunities for women,"" necessarily, but it may indeed make women feel much safer staying in hotels, particularly alone.

I think a lot of people don't realize that there's still a line to ride as far as advancing gender equality and ensuring women's safety and comfort, and pretending like we already have it isn't really productive.",0.4,0.3,0.2,0.1,0.5,0.4,0.2
"Certain others claim that it's impossible for a hotel to be run by all female staff

Why would that be the case?

That anyone believes this means that this ""stunt"" has feminist purpose.

Anecdotally, my aunt was raped by a male staff member of a hotel she stayed in, so she might be interested in staying in an all female hotel.",0.7,0.5,0.4,0.5,0.6,0.4,0.5
Why is it impossible for women to run a hotel? I don‚Äôt get it.,0.7,0.2,0.4,0.0,0.3,0.1,0.1
"Reading only the title, I was hoping it was also female only for guests. I can't imagine how much more at ease I would feel traveling alone for work, etc. if I knew there wasn't a single man on scene.",0.4,0.2,0.1,0.0,0.5,0.6,0.1
"All female staff, or only open to female guests as well? And what country?",0.1,0.0,0.0,0.0,0.1,0.0,0.0
"My family has been going on vacation to the same place every single summer since about 1952. The staff, from top to bottom, is made of women. Hotel manager, concierge, cooks, maids, accountants, *every single employed person* is a woman. The only exception is for the husband of the hotel owner, who ambles about the entrance and, when you get there, asks if you want him to park your car. He's also in charge of organizing Sunday cocktail hour.

Yes, the idea behind this all-female hotel is feminist. Not only because it helps the employment of women, but also because it puts a mirror in front of men's faces. How many claim that male-only spaces were never an issue? How many claim they are, in fact, *still needed*? Now they're getting the littlest taste of their medicine *and* it helps women, both hosts and guests, feel safer. For me it's a win win.",0.4,0.5,0.4,0.6,0.5,0.7,0.3
"I think it is really important to stop framing the goal of feminism as 'gender equality' or 'treat everyone the same' or 'no sex discrimination.' I would argue that we actually need sex discrimination in order to empower women. The human world was built by and for men. Men hold the vast majority of economic, political, and social power. They also commit the vast majority of violent and sexual crimes. There is nothing wrong with carving out small spaces that are just for women -- bathrooms, locker rooms, sports, clubs, businesses, etc. If people are saying that women cannot run a hotel, all the more reason to have one staffed entirely by women.",0.7,0.5,0.4,0.5,0.6,0.5,0.3
"The reasoning is it‚Äôs from back in the day when most people were married, and husbands tend to be a few years older than wives, so this way they‚Äôd retire more or less together. The other reason was women are the vast majority of carers. This is the time when parents & older relatives are dying and in most countries, women make up 85% of unpaid carers, same as most of them would have hardly any retirement funds anyhow, since they would have brought up their kids and looked after grandkids. And no- feminists had nothing to do with it.",0.4,0.2,0.3,0.1,0.5,0.2,0.1
"People say it benefits women because it emerged from a conservative benevolent sexism, but the real reason is economic: a lot of these countries keep large percentages of their female population permanently unemployed doing domestic work or underemployed doing piecework/part time work. There just aren't jobs for them to retire from in a traditional manner, so the state has them retire early into a kind of state subsidized poverty where they become full time family caregivers. Not to mention those checks are often recouped by the male head of household.

 It really is a symptom of an economic system that systematically excludes and discriminates against women. Not only that, if often has serious detrimental effects on women's retirement wealth and financial security: https://www.sciencedirect.com/science/article/abs/pii/S0167268122000452",0.4,0.7,0.3,0.2,0.5,0.4,0.3
"Do the countries that have different ages seem like feminist countries to you? Looks to me like the biggest gaps are countries like Argentina, Colombia, Kazakhstan, Iran, North Korea, Russia, Uzbekistan, etc. It'd be hilarious if North Korean feminists were actually crushing it compared to the U.S., but I'm pretty sure they're not.",0.5,0.4,0.3,0.2,0.5,0.2,0.3
"If you look at these laws, the difference in retirement ages is generally temporary and by the time a 35 year old woman now gets to retirement, it will be the same age as her husband.  The different retirement ages for older generations is about recognizing the various gender disparities at play in their lives.  Those different retirement ages tend to be very generation specific.

So yeah, grandma gets to retire a little earlier than grandpa.  She fought hard so her granddaughter had the same opportunities as her grandson, on top of working and doing most of the domestic work.  The ‚ÄòMRA‚Äô types whining about this are of a generation where this disparity won‚Äôt apply.  The grandpas retiring are not the ones complaining, as they had a ring side seat to all that their wives did for them and all their sisters did for the family as a whole, and they get it.",0.4,0.5,0.5,0.3,0.6,0.4,0.2
"Countries with different retirement ages for men and women are often due to factors like women's longevity, women's lower lifetime earnings, and societal roles that impact their career paths and labor force participation. Some pension systems address the gender gap by offering different retirement ages or pension benefits based on gender with the goal of ensuring a more equitable distribution of retirement income. Hope this helps!",0.2,0.1,0.1,0.2,0.3,0.2,0.1
"Having read the screenshots myself, I think the damning message is Hegseth's timeline. If Signal is not a secure communication channel, that shit shouldn't be posted there.

I still can't wrap my mind around how a reporter could accidentally be added to this thread. There's gotta be more there. At worst Mike is a rat and trying to make the administration look bad. At best it was a stupid mistake, but the administration still looks bad. And its defenders look like morons- is Signal secure or not? If not, heads should roll. If it is, how were they able to add a reporter? Heads should still roll.

The mental gymnastics and semantics of ""war plans"" vs ""attack plans"" is a really bad look. Trump should have blown up, fired Mike Waltz immediately and gave Hegseth/Vance a dressing-down at the very least. No accountability for clear fuckups.",0.7,0.8,0.7,0.5,0.9,0.4,0.6
"The messaging is confusing, Waltz was all over the place last night on Ingraham Angle. He said he didn‚Äôt know this journalist at all, then how would he have his phone number? The screenshot says that he added him to the group and then started the text messaging. Is he saying that it was a staffer using his phone and writing the text messages on his behalf? Unfortunately there needs to be some consequences here, heads need to roll, otherwise it‚Äôs a double standard.",0.6,0.5,0.4,0.2,0.5,0.3,0.4
"But nothing will happen to anyone from this. Meanwhile, if someone closer to the operation did something like this, they'd be chewed out, fired, and sent to prison. It would be nice to at least see Waltz fired for this.",0.7,0.8,0.5,0.0,0.6,0.2,0.4
"After seeing all the messages, it certainly seems like this would be classified information. The initial posts I saw shared on the linked article here don‚Äôt seem to indicate actual targets, just terrorist, so that doesn‚Äôt look bad, but in the screenshots they‚Äôre talking specifically about the Suez and shipping lanes, and Houtis, and even then voice concern about info leaking - so if they‚Äôre worried about what they‚Äôre **actively** discussing leaking and impacting operations there‚Äôs an acknowledgement that this is sensitive (at least) information. Obviously I don‚Äôt expect anything to happen to any of these people, they serve at the pleasure of the president and within the conservative community there‚Äôs a big split on how bad, if it‚Äôs bad, this leak is. I‚Äôm of the opinion I‚Äôd rather be good than get lucky, and this was luck that nothing critical leaked, cuz if this was a different or different journalist maybe they would leak it in real time and fuck up the plans, you know?",0.5,0.4,0.3,0.2,0.6,0.2,0.5
[removed],0.0,0.0,0.0,0.0,0.0,0.0,0.0
Anyone have a link with payroll removed where I can read the article,0.1,0.0,0.0,0.0,0.0,0.0,0.0
Goldberg actually put up instead of shutting up and folding like a lawn chair.  I honestly didn‚Äôt think he had it in him.,0.4,0.2,0.3,0.0,0.5,0.1,0.0
I'm just gonna say it... Hegseth needs to go.... this guy is an absolute clown... this can not ever happen and his inexperience is shining.,0.7,0.5,0.6,0.0,0.7,0.2,0.0
"Hegseth and Waltz need to go. Fuckin clowns. 

We didn't vote for this bullshit.",0.7,0.8,0.7,0.2,0.9,0.4,0.3
"If you had a problem with Hilary emails, you should have a problem with this. Leaks like this shouldn‚Äôt happen.",0.7,0.5,0.4,0.2,0.6,0.3,0.4
"You responded to the chain, MAR. You could have said something. You did not. You‚Äôre equally responsible.",0.5,0.7,0.5,0.0,0.4,0.2,0.0
It‚Äôs not like they found 30yrs of classified information in Joe‚Äôs garage,0.4,0.5,0.4,0.0,0.3,0.2,0.3
"I just want to remind you all, Democrats admitted to no fault of anything during their terms. They never admitted when they fucked up, and used the media to sweep everything under the rug.

Remember that whenever these sharks come sniffing for any fuck up, no matter how minor.",0.7,0.8,0.7,0.5,0.6,0.4,0.5
"Hey liberals astroturfing this reddit, kindly f' off.  We see what you're doing and am saddened you can't get your jollies off in some other fashion.",0.7,0.8,0.7,0.5,0.6,0.4,0.7
"Shit happens.  No harm.  No foul.  Let‚Äôs learn from this, fix what‚Äôs broken, and move on. I love all the downvoters who don't even have the balls to tell me where they think I'm wrong.  Until the POTUS starts freaking out, I'll reserve my hair pulling for something important.",0.4,0.5,0.7,0.2,0.6,0.2,0.3
"And he is right, but he is still not going to be our next president.

America has had enough of establishment politicians.

Vance 2028!

![gif](giphy|jlIpAGXrOpmBrJVG3J)",0.6,0.7,0.5,0.5,0.6,0.4,0.3
"Well, the reporter seems to be taking full advantage of the situation. He could have dealt with it privately. He is clearly politicizing this going on CNBC. FYI brigading down voting liberals we see you.",0.7,0.8,0.7,0.5,0.6,0.4,0.5
"Can't remember, but I'll find it. I see a whole lot of news.",0.2,0.1,0.1,0.0,0.2,0.1,0.1
"Will anyone here admit that made in US car usually lacks in reliability and build quality areas? Look at the big three, even Escalade and Wagoneer are leaving people stranded on highway, and their electronics and trims start breaking right off the lot. Even US made Toyota are experiencing a lot of recall. For made in US cars to be competitive, unions and craftsmanship issues need to be addressed. Else it‚Äôs pure suffering on consumer side with no reward of boosting US car industry internationally.",0.7,0.5,0.4,0.3,0.6,0.2,0.4
"Cries in Japanese sports car

Well... fuck me, I guess.",0.2,0.1,0.3,0.0,0.5,0.1,0.0
He needs to stop with tariffs. Hes being clowned all over the stocks subs. Im really not sure what his intentions are.,0.4,0.3,0.5,0.0,0.4,0.2,0.3
I‚Äôd rather see the Trump administration do something about the regulations and fuel efficiency standards that are making cars expensive and unreliable.,0.5,0.6,0.4,0.2,0.5,0.3,0.2
Hyundai already announced 5 billion for plants here. They are ahead of the curve.,0.2,0.1,0.1,0.0,0.2,0.1,0.0
"Oh look, my 'fellow conservatives' are here.",0.4,0.2,0.3,0.5,0.3,0.6,0.2
Meltdowns here from ‚Äúfellow conservatives‚Äù in 3‚Ä¶2‚Ä¶1‚Ä¶,0.7,0.5,0.8,0.4,0.6,0.5,0.3
No complaints. Buy american. If you have the money to buy foreign theres your tax.,0.7,0.5,0.4,0.3,0.5,0.6,0.2
"Why do we need Greenland? We've made it this long without it, and we have more than enough things to fix and improve as it is. Nothing about the messaging of this makes sense, nor do the supposed goals.",0.5,0.4,0.3,0.0,0.5,0.2,0.3
This is not what we need to be focusing on. Greenland is not that important to be devoting time and resources to ‚Äútake it over‚Äù this will not end well just like him wanting to make Canada the 51st state.,0.6,0.4,0.5,0.2,0.5,0.1,0.3
Political suicide He needs to cut that out,0.5,0.4,0.5,0.0,0.4,0.2,0.1
"i mean sure, i‚Äôd like to have it too, but denmark has made it pretty clear they aren‚Äôt selling and fighting them for it would be both wrong and beyond stupid. just drop it at this point",0.4,0.2,0.3,0.0,0.5,0.1,0.0
"This is ridiculous. There‚Äôs more important things to address instead of trying to manifest destiny our way north. Greenland if anything wants total independence at this point, and all we‚Äôre really doing is now just alienating Denmark.",0.6,0.5,0.4,0.3,0.7,0.2,0.2
I still don't understand his focus on this.  Did he finally read a book about the Presidents and got to the chapter on Jefferson?,0.2,0.1,0.2,0.0,0.3,0.1,0.0
"Fellow conservatives are out here today more than usual. probably because its a weekday and these people are unemployed.

Only reason I'm posting today is because I have Tuesday-wednesday as my weekend.",0.4,0.5,0.4,0.0,0.3,0.5,0.2
Greenland will be ours.,0.7,0.2,0.3,0.0,0.5,0.6,0.1
Agreed. President Trump is leading America to the next great expansionist golden age. We'll take whatever he wants! Greater America for the future!,0.7,0.2,0.4,0.6,0.7,0.5,0.3
Get him out! Traitor to the country,0.9,0.8,0.7,0.5,0.9,0.4,0.3
Lurch strikes again!,0.2,0.1,0.3,0.0,0.4,0.1,0.2
Looks like he's trying to replace Ana Navarro on The View!!,0.2,0.1,0.3,0.0,0.4,0.1,0.2
[removed],0.0,0.0,0.0,0.0,0.0,0.0,0.0
[removed],0.0,0.0,0.0,0.0,0.0,0.0,0.0
God when they say TDS I just know they have no fucking clue how the government works or the reasons behind decorum in the presidency. They also have no clue what Trump actually does - they just have an idealized version of him in their head. If he says something they don't agree with then its 4D chess or it is fake news. There are cases of Trump Derangement and it is called *supporting Trump*.,0.7,0.6,0.7,0.5,0.8,0.4,0.5
False equivalence between anarchism and libertarianism?,0.2,0.1,0.2,0.1,0.3,0.2,0.1
"I had a rainbow hawk and I never got to burn anything down.

Where‚Äôs the justice?",0.4,0.5,0.3,0.0,0.6,0.2,0.1
Yeah I also like to argue with the imaginary people in my head.,0.2,0.1,0.1,0.0,0.2,0.1,0.0
Aren't cybertrucks infamous for catching fire on their own?,0.2,0.1,0.1,0.0,0.2,0.0,0.0
"They're both vandalism, but one is good vandalism.",0.5,0.3,0.4,0.0,0.4,0.2,0.1
"I‚Äôm shedding a goddamn tear.

I‚Äôm sure it will be lost on people, but vandalism of the pride shit is against an entire group of people, this shit is fucking with Leon DIRECTLY. If the Nazi illegal immigrant is distracted from dismantling everything in order to enrich HIMSELF, because the company he bought which is so closely tied to his net worth and the loans he took out to buy Twitter with the overinflated stock (which he admitted was such), and he‚Äôs dangerously close to defaulting. . .

Well, I can live with that.
I TRULY CAN",0.9,0.8,0.7,0.6,0.9,0.4,0.7
The thing to know about that subreddit is they're Libertarian in the sense that they are republicans who want to sound like they have some virtue or guiding principle to their conservatism. When really they're just republicans who will sacrifice any principles when their politicians do something. The only thing they care about is conformity to what Trump and Republican politicians do.,0.7,0.5,0.6,0.4,0.5,0.2,0.4
"Great example of a Tu Quoque Fallacy (whataboutism), and a False Equivalence Fallacy, and a Hasty Generalization Fallacy and an Exception Which Proves the Rule Fallacy.",0.5,0.4,0.3,0.6,0.2,0.1,0.2
"I would argue both suck. While it‚Äôs obvious that doing a burnout in the name of bigotry sucks so is destroying someone‚Äôs car.

Torching a random Tesla isn‚Äôt going to move anyone and the owner might be someone that bought one before Elon revealed how shit he was. Heck if they don‚Äôt have decent coverage, insurance companies are greedy bastards after all, it might be financially devastating to whoever needs to replace it. It‚Äôs not like the US exactly great at public transportation after all.

To cap it off protests at Tesla dealers is working. People aren‚Äôt buying them and so far MAGA dolts aren‚Äôt exactly filling in the gap.

Fuck Elon but torching random people‚Äôs cars ain‚Äôt the way.",0.5,0.7,0.5,0.4,0.6,0.2,0.3
"I'm just so done with the idea that actions are inherently moral or not.

Defacing pride is vandalism because pride is a good thing.

Burning down Teslas isn't vandalism because the company is owned by a Fascist.",0.7,0.5,0.6,0.5,0.7,0.4,0.4
"The vandalism part is referring to this incident:

[https://www.palmbeachpost.com/story/news/crime/2022/03/02/man-who-defaced-lgbtq-pride-intersection-crosswalk-delray-beach-faces-fine-prison-time/6979888001/](https://www.palmbeachpost.com/story/news/crime/2022/03/02/man-who-defaced-lgbtq-pride-intersection-crosswalk-delray-beach-faces-fine-prison-time/6979888001/)

The person who made this is claiming that calling this vandalism, which it is, is leftist hysteria.",0.7,0.5,0.4,0.3,0.6,0.2,0.4
"I‚Äôd wager to say that most of our problems, be it in developed or developing countries, are caused by wealth hoarding lmao. Common libertarian L",0.7,0.8,0.5,0.4,0.6,0.2,0.5
The irresistible urge for a libertarian making poverty wages to be a cuck to billionaires who hate them,0.7,0.8,0.7,0.6,0.9,0.4,0.5
"Donald Trump.  Himself a (marginal) billionaire, supported in his run and presidency by many billionaires, most obviously Elon Musk.",0.4,0.5,0.3,0.2,0.3,0.2,0.4
These people literally think that that there is this infinite pie out there. All resources are completely infinite and every single person with a good idea can just become a multi-billionaire and live that lifestyle as if we aren't constrained by material reality. the world CANNOT sustain 7 billion people living like Bill Gates. We need to use our resources in such a way that everyone's basic needs are met before a select group of vampires get a 3rd private yacht.,0.7,0.8,0.7,0.5,0.9,0.4,0.5
None of your problems are caused by someone else sitting in government. The two statements are as equally brain dead but theyve shut off the critical thinking part of their brain that would allow them to see that.,0.7,0.5,0.6,0.0,0.7,0.2,0.4
Ever notice that cars displaying Libertarian allegiances are NEVER luxury cars?,0.4,0.2,0.3,0.1,0.2,0.5,0.1
That‚Äôs demonstrably false. Our appalling wealth inequality is harming all common people.,0.7,0.5,0.4,0.3,0.6,0.5,0.2
A billionaire definitely wrote that,0.4,0.7,0.5,0.3,0.4,0.2,0.6
Imagine reading this as a federal employee that had lost their job lol,0.2,0.4,0.3,0.0,0.5,0.2,0.1
He's right. It's not greed for workers to demand to be paid fairly for their work. Rare Thomas Sowell support for workers.,0.4,0.3,0.2,0.1,0.5,0.4,0.2
"Thomas Sowell confirmed workers‚Äô ally, you heard it here first. I don‚Äôt think any of us expected this one.",0.4,0.2,0.3,0.1,0.3,0.2,0.1
Which is why the bourgeoisie taking all the profit is theft. Such a wonderful Marxist that Thomas Sowell.,0.7,0.8,0.5,0.6,0.7,0.4,0.5
Thomas arguing for progressive tax rates and hefty social spending without realizing it.,0.4,0.3,0.2,0.4,0.3,0.5,0.2
"The YouTube channel, Unlearning Economics, has a detailed video that examines and criticizes Sowell from the Left.",0.2,0.1,0.2,0.1,0.3,0.2,0.1
"it is greed to want more money than you could ever spend in your entire life, what can you actually do with $100 billion that you wouldn't be able to do with 50 billion or even 10 billion?",0.7,0.5,0.4,0.0,0.6,0.2,0.1
"I don't have that platform anymore, but I'd love to go dunk on him for accidentally arguing the opposite of what he thinks he is arguing.",0.5,0.0,0.5,0.0,0.4,0.2,0.0
"So shoplifting is fine according to Sowell, because that's just keeping money that I've earned.",0.5,0.4,0.3,0.0,0.5,0.2,0.2
[removed],0.0,0.0,0.0,0.0,0.0,0.0,0.0
I was a reddit mod once years ago. Never again. The amount of people I had to ban because they told another user to k.l.l themselves in an online argument was just pure batshit. The things people say online really made me lose faith in real people.,0.5,0.4,0.7,0.1,0.8,0.2,0.2
Fuck you!,0.9,0.8,0.9,0.0,1.0,0.0,0.0
[deleted],0.0,0.0,0.0,0.0,0.0,0.0,0.0
I'd like to be a moderator for Reddit? Does it come with a salary or something like that?,0.1,0.0,0.0,0.0,0.1,0.0,0.0
Lol....no,0.1,0.0,0.2,0.0,0.1,0.0,0.0
"No, sorry. I like to touch grass üëç",0.1,0.0,0.1,0.0,0.2,0.0,0.0
I genuinely wonder if people actually have becoming a Reddit mod as one of their wildest dreams..,0.2,0.1,0.1,0.0,0.2,0.1,0.0
It might be time for a truetrueoffmychest.,0.2,0.1,0.1,0.0,0.3,0.2,0.1
"So we can get things off our chest...as long as it's something you **want** us to get off our chests.  Brilliant plan there.  Wasn't the whole point of this sub to let people whinge about whatever the fuck was eating at them, no matter how petty or insignificant?

I mean, it's just absurd.  The first point over there is ""Feel free to speak your mind.""  You should really change that to ""Feel free to speak your mind, as long as it's what I want you to say.""

I'd use much more colorful language, but one of the rules is be nice, because apparently people just shatter when some asshole on Reddit calls them a shitbird.  If I wanted to get banned for insulting people, I'd be on Facebook more.",0.7,0.5,0.8,0.4,0.7,0.2,0.4
Seems like a great ruleset. Don't know how people are mad at that. You did a great job writing in a way that doesn't have any bias. Especially with the examples.,0.2,0.1,0.1,0.0,0.2,0.1,0.0
Now I have nowhere to go because Off My Chest is best for what I have to say but unfortunately I‚Äôm banned from it.,0.2,0.4,0.1,0.0,0.3,0.2,0.1
"Why require personalization? If I am sick of getting low quality compressed images, I should be able to get that 'off my chest'",0.4,0.3,0.2,0.0,0.5,0.1,0.0
Why have so much regulation on what people can and cannot get off their chest ? Who cares if its been posted before? Most content on reddit is reposts...,0.4,0.5,0.3,0.0,0.5,0.2,0.2
Can you please add ‚Äúnot personalized‚Äù to the list of report reasons then? People are still using it for non personal reasons.,0.2,0.1,0.1,0.0,0.2,0.0,0.0
How soon before you mods are gonna burn out?,0.2,0.3,0.4,0.0,0.5,0.1,0.0
"I am a little bit guilty of posting a not so personal things but I think at this point, you guys are doing the right thing.",0.3,0.2,0.1,0.0,0.4,0.5,0.1
"And for those wondering, no I'm not some stay at home wife drinking matcha and doing pilates. I now have a phd and work full-time

You fucked up. After working for 10+ years post college now, I wish I was a stay-at-home daddy, ughhhhhhh. THE DREAM. Drinking matcha, doing pilates and looking hot for my wife, making her food and keeping our home clean?! THE DREEAAAAAMMMMMM",0.4,0.2,0.5,0.3,0.7,0.4,0.1
Nice try AI.,0.2,0.1,0.2,0.0,0.1,0.0,0.0
Congrats on your success!,0.0,0.0,0.0,0.0,0.0,0.0,0.0
"Good for you, though I don‚Äôt know why you took a shot at stay at home moms who enjoy Pilates and matcha.",0.2,0.3,0.4,0.1,0.5,0.2,0.1
Good for you - now break the cycle by being an amazing and supportive parent to your kids!,0.2,0.1,0.1,0.0,0.3,0.4,0.0
Ah yes shit that didn't happen happening,0.4,0.2,0.5,0.0,0.6,0.1,0.3
"With all due respect, you shoulda told your mom about how great your life is going to be and that, if you have kids, they'll never struggle like you had to struggle.

And end it with that she'll never know her grandkids.  And they'll never know her.

Sometimes, you gotta give back what they give you.",0.7,0.5,0.4,0.0,0.6,0.2,0.1
"I'm not some stay at home wife drinking Macha and doing plalates. Ah yes, the Ole 'stay at home moms are useless losers...'",0.7,0.5,0.6,0.4,0.7,0.2,0.3
That‚Äôs so horrible and so unfair‚Ä¶.. fuck.,0.4,0.5,0.3,0.0,0.7,0.1,0.2
"maybe try reaching out to rotten mango, and ask her to cover the case. she raises much awareness and keeps victims alive.",0.2,0.1,0.1,0.0,0.3,0.2,0.1
"I honestly feel your pain, it's terrifying, and unfair. I feel so sorry and bad for how it happened, and for you having to go through that now.",0.2,0.1,0.1,0.0,0.6,0.2,0.0
Sorry for your loss. At least you don't live on Canada. My friends brother was beaten to death and served 2 years less one day. Take care,0.4,0.5,0.3,0.0,0.6,0.2,0.1
"In India, a rapist raped a 1.5 year old girl. The High Court said 'Life Imprisonment' would be too harsh and reduced it to 10 years.",0.7,0.5,0.6,0.0,0.9,0.2,0.1
"I won't forget her, and I won't forget the countless other victims that never got justice. The justice system is a joke and favours men.",0.7,0.8,0.5,0.2,0.9,0.4,0.5
Makes me sick that the judges actually bought this is this racism sexism idfk but if they though of the victim for one second they would have given the monster life imprisonment at least.,0.7,0.8,0.7,0.3,0.9,0.2,0.5
"This is what it means to live in a man's world. Women go to prison for killing their rapists, traffickers, would be murders in self defense. Men get a second chance.",0.7,0.8,0.5,0.4,0.7,0.6,0.5
This is so disheartening to hear. RIP.,0.1,0.0,0.0,0.0,0.5,0.0,0.0
saw a post earlier asking about weird hobbies and I think you just won,0.1,0.0,0.0,0.0,0.2,0.0,0.0
"I do think the idea is lovely, but I doubt it really works like you think it will. Who picks up random underwear left out in public and uses it? Even with a note or in a bag, it is still random underwear in public. Maybe donating it or selling it for the price what your material was worth is a better option.",0.4,0.2,0.1,0.0,0.3,0.1,0.0
why not sell them for really cheap? like just the cost of shipping them. That way you make sure they go to people who actually want them.,0.1,0.0,0.0,0.0,0.1,0.0,0.0
Sell it on Etsy??? Who is going to wear underwear they found in public?,0.4,0.0,0.5,0.0,0.6,0.0,0.0
Can i suggest donating some to a women‚Äôs shelter or such? :),0.1,0.0,0.0,0.0,0.2,0.1,0.0
"Maybe I don't understand knitting, but I am unsure what knit underwear would look like.",0.1,0.0,0.0,0.0,0.1,0.0,0.0
"OP I hate to say it but your hobby is just littering

I appreciate the idea, but no one - and I mean absolutely no one - is going to touch, let alone wear, random discarded underwear.

Maybe try donating it?",0.4,0.2,0.5,0.0,0.5,0.1,0.0
"if you‚Äôre willing to give them away for free, why not sell for cheap on etsy or local markets? that way people would be more likely to be able to appreciate them. i don‚Äôt think i could in good conscience ever take home underwear from a public place",0.2,0.1,0.1,0.0,0.3,0.0,0.0
Wanksy,0.1,0.0,0.5,0.0,0.2,0.0,0.0
"I‚Äôm also a fan of ‚ÄúI don‚Äôt get the joke, explain it.‚Äù",0.2,0.1,0.1,0.0,0.2,0.1,0.0
That... doesn't sound like a joke. Terrifying,0.3,0.2,0.1,0.0,0.6,0.1,0.2
"You should have said , did you beat the baby, too? Because THAT would have been even funnier!",0.2,0.0,0.4,0.0,0.5,0.0,0.0
"Can I be part of the joke? I like a good laugh, but I need you to explain to me what is funny about assaulting and hurting someone you love.",0.4,0.2,0.3,0.0,0.5,0.1,0.1
Wow I wonder if HR has heard that joke,0.1,0.0,0.0,0.0,0.2,0.0,0.0
I haven't heard such a joke for a very long time but most of my co-workers are women and they don't joke about domestic violence or violence against women. At least two of my co-workers were victims of domestic violence. They have talked about it which is why I know.,0.2,0.1,0.1,0.0,0.3,0.5,0.0
Flip side: imagine being vulnerable with a new baby at home. And the man you had this baby with is causally joking with people about ‚Äúbeating the hell out of you‚Äù That‚Äôs more horrific than any Ari Aster film,0.4,0.7,0.5,0.0,0.9,0.2,0.1
"I love hitting men with 'What do you mean?' when they say something bigoted (it's not always men, but it mostly is). They're then faced with two options - 1. Explain the shitty thing you just said, so that I and everyone else around know what a dickhead you are. 2. Go silent because you've been challenged and know what you said was fucking stupid, so that I and everyone else around know what a dickhead you are. There is also a secret third option where I unhinge my jaw and devour them, but I've been trying to do less of that recently.",0.7,0.8,0.9,0.5,0.9,0.4,0.2
This seems like an opportune moment to share that my son calls men's tank tops 'wife lovers.' He's a great kid. Man.,0.2,0.0,0.1,0.0,0.3,0.1,0.0
"I think unfortunately too many kids are now learning the power of plausible deniability/no accountability due to a variety of social awareness campaigns and unfortunately, the US presidency. My daughter had several kids in a group all body shame her and I reported it to the school as well as the identifiable kids parents. One of the kids has decided that in retaliation he is now making counter claims saying my child had been bullying him (there was zero claims of this prior to repercussions he got from me reporting him bullying her). Multiple kids corroborated claims of this kid yelling horrible things to her which is why the school was comfortable proceeding with corrective action, but now my daughters lesson learned is 'if you say what happened to you, be prepared to be accused of some crap.' We're going to get to the point where there will be cameras everywhere and that will help with some things but also cause other problems.",0.7,0.8,0.5,0.4,0.6,0.4,0.5
"I taught middle school for 18 years and part of the reason I left was because of this attitude and the fact that parents and even administrators will back the student over the teacher. I am sorry you're dealing with this. 

I had a male student assault a female student in front of me and the whole class and no consequences were given. He slapped her butt hard enough to be heard around the room but was back in my classroom the next day smiling and laughing at the situation and the girl herself. Poor girl felt so humiliated that she walked with her binder over her butt for a week or more after that.",0.5,0.7,0.4,0.0,0.6,0.2,0.1
Thank you for outing this child entitlement as misogyny.,0.4,0.5,0.4,0.6,0.5,0.3,0.2
I watched this yesterday. That third episode scared me. I‚Äôm sorry you have to put up with this.,0.1,0.0,0.0,0.0,0.4,0.0,0.0
I‚Äôm so scared for girls growing up in this environment around boys that don‚Äôt know how to handle their emotions.  It‚Äôs terrifying to think what kind of adults they will grow up being if this behavior goes unchecked.,0.4,0.5,0.3,0.0,0.7,0.2,0.1
"I am not a teacher. But, these stories infuriate me. I would probably respond with ""I don't engage with anyone that treats me with contempt and disrespect. As you seem unaware of that, I am explaining it to you now one time and one time only."" The next time he has an outburst, I would walk to the hall door, ask the rest of the class to exit the room if they felt it was best for their safety, and then step into the hallway and seek back up from another teacher or staff member. If he is involved in any sports or clubs, I would speak directly to the coaches about the behavior and then ask that I be allowed to be a guest coach and make those boys run one extra lap for every disrespectful word from their mouths. But, again. I am not a teacher, just a mom of a 13 yr old boy who would regret the day I found out he did anything like that to anyone.",0.7,0.5,0.6,0.2,0.7,0.4,0.1
"The push to red pill young boys is so creepy. It should be all hands on deck to prevent that shit from infiltrating their psyches, men in particular should be teaching boys to use critical thinking skills and learn emotional intelligence. All kids should be learning media literacy too.",0.5,0.7,0.4,0.6,0.7,0.5,0.5
"Meh, I think there‚Äôs a big difference between saying ‚Äúbro‚Äù and actually assuming someone/everyone is male.  (And to be clear, I am *against* the latter.)",0.2,0.1,0.1,0.0,0.3,0.2,0.0
"I said something catty about Tulsi Gabbard yesterday (not nice, but idc, because fuck her) & one of the replies I got was that I am a virgin and could never get a woman as hot as her.

Tbh, I laughed. Dude was clearly a right wing incel and that was the best he could come up with, and also, he just automatically assumed that all redditors are dudes. Like, yeah, seems consistent.

It bothers me more when I'm commenting in areas of my professional expertise, because it's annoying that people assume that all scientists are men, but also, it's Reddit and I am not THAT bothered by what anonymous people think.",0.5,0.6,0.7,0.4,0.6,0.2,0.3
And if you call people out on default gendering everyone as male they become instantly defensive or straight up lose their shit about it.,0.7,0.5,0.6,0.0,0.7,0.2,0.0
"i get pet peeves are personal and one of those things that just get under your skin especially when it happens again and again.

but i'm a woman, i don't think everyone on reddit is a male. but i'm going to keep saying 'dude' and 'hey man' on here and conversationally in real life. cuz along the way it just got degendered. at least, thats what i noticed from the ppl around me.

but if it helps, i am aware of the unbalanced nature of certain adjectives/labels geared towards men/women. like bossy if a woman is taking charge. so i balance it by calling men hysterical when they are just alittle upset, and etc",0.4,0.5,0.3,0.2,0.4,0.5,0.1
"Got yelled at for ""you go girl"" on a transfem subreddit.  ""It's not respectful to the trans men that are reading this.""  I unsubscribed.",0.5,0.4,0.3,0.2,0.5,0.4,0.1
White male is the assumption every time,0.5,0.4,0.5,0.3,0.4,0.2,0.3
"Probably will get downvoted, but idc. I‚Äôm tired of hearing grown ass adults using bro, bruh, brah after every word in a sentence. Grow up and have an actual conversation using grown up words.",0.7,0.5,0.6,0.0,0.7,0.2,0.0
"My niece is 11 and calls everyone bro, or more accurately ‚Äòbruh‚Äô, I also refer to everyone as ‚Äòman‚Äô",0.1,0.0,0.0,0.2,0.1,0.0,0.0
"To be fair, people around me use 'bro' pretty interchangeably. It actually makes me laugh a little every time my supervisor calls me 'bro'.",0.1,0.0,0.0,0.0,0.2,0.1,0.0
It's so impressive that it doesn't seem real!,0.1,0.0,0.0,0.0,0.5,0.0,0.0
"Sometimes, some videos are just too unbelievable with the beauty found on this planet.",0.2,0.1,0.1,0.0,0.4,0.1,0.1
üëè‚ù§Ô∏èüî•üôå,0.0,0.0,0.0,0.0,0.9,0.0,0.0
One of the most amazing vacations of my life üáÆüá∏,0.1,0.0,0.0,0.0,0.5,0.1,0.0
it looks ai to me,0.2,0.1,0.1,0.3,0.2,0.1,0.2
Amazing,0.0,0.0,0.0,0.0,0.0,0.0,0.0
Going there soon.,0.0,0.0,0.0,0.0,0.0,0.0,0.0
Stupendous even if it was AI!,0.2,0.1,0.1,0.0,0.3,0.0,0.0
"C'mon Lou, let's drop off some packages",0.1,0.0,0.0,0.0,0.2,0.1,0.0
"Looks like a road to Hana in Maui, HI.",0.1,0.0,0.0,0.0,0.1,0.0,0.0
Wow!  The visual mood of this is fantastic. Not sure about the music choice though.,0.2,0.1,0.1,0.0,0.3,0.1,0.0
Much better on mute!,0.2,0.1,0.3,0.0,0.2,0.1,0.0
I feel a great peace with this type of contrast between the green and the cloudy sky.,0.1,0.0,0.0,0.0,0.2,0.0,0.0
Oh this is beautiful. Where is it?,0.1,0.0,0.0,0.0,0.2,0.0,0.0
imagine visiting here while Ludovico Einaudi's Experience is playing,0.1,0.0,0.0,0.0,0.2,0.1,0.0
I wanna drive that road right now!! Looks beautiful!,0.1,0.0,0.0,0.0,0.5,0.0,0.0
"Edit: The song name is –í–ª—é–±–ª—ë–Ω, it is a remade version of 'My Dil Goes Mmmm'",0.1,0.0,0.0,0.0,0.1,0.0,0.0
I hate it when people post without location,0.4,0.2,0.3,0.0,0.5,0.1,0.0
LSD vibes,0.1,0.0,0.0,0.5,0.2,0.1,0.0
This is perfect üòç,0.1,0.0,0.0,0.0,0.2,0.0,0.0
"Lovely, just lovely.",0.1,0.0,0.0,0.0,0.2,0.0,0.0
WHERE?,0.0,0.0,0.0,0.0,0.0,0.0,0.0
I almost feel like I'm there!,0.1,0.0,0.0,0.0,0.2,0.1,0.0
WHERE?,0.0,0.0,0.0,0.0,0.0,0.0,0.0
"I don't normally read read it with the sound, but this is gorgeous. Thank you for sharing.üå∫",0.1,0.0,0.0,0.0,0.2,0.1,0.0
Peaceful,0.0,0.0,0.0,0.0,0.0,0.0,0.0
Rain is beautiful! I love to just stand outside till I'm soaked!!!,0.1,0.0,0.0,0.0,0.5,0.0,0.0
Nope you're not the only one üôÇ,0.1,0.0,0.0,0.0,0.2,0.1,0.0
George Floyd protests were the most civil unrest the US has seen in modern times. It's not a coincidence it was also about the highest the unemployment rate has been in modern times. Unemployment hasn't changed that much since the election so there isn't that much opportunity for civil unrest.,0.4,0.3,0.2,0.1,0.3,0.2,0.2
BLM protests were much larger than anything happening against Trump and Elon. But it feels like the current protest get amplified more on social media than they deserve.,0.5,0.4,0.3,0.2,0.4,0.2,0.3
"By civil unrest, are you saying civil war? Civil unrest can just be protests, demonstrations. 2020/2021 had a lot of civil unrest.",0.2,0.1,0.1,0.2,0.3,0.1,0.1
"for 95% of Americans, if you turn off social media, nothing has changed in the last 10 years.   rich get richer, poor get poorer, the rest of us are in the middle just trying to get through today.",0.5,0.7,0.4,0.2,0.6,0.5,0.4
"Need to spend less time on Reddit.  The USA is one of the most affluent countries in the world.  If you go out in public our people are happy, living their lives to the fullest.   Kids are in school, adults working, socializing, eating at restaurants and going to movies.  Very few places have truly desperate people, like the homeless in bigger cities.  Civil unrest and rebellions aren‚Äôt committed by happy people, they‚Äôre committed by desperate people with little to lose.

Reddit will make you think the USA is a cesspool of misery, but going outside and experiencing life in public areas paints a totally different picture.",0.7,0.5,0.4,0.2,0.6,0.3,0.4
I wonder how long it would take for the cops to clean up a few thousand terminally online redditors cos playing as freedom fighters?,0.7,0.5,0.8,0.5,0.6,0.2,0.4
"I‚Äôm not sure why we keep focusing solely on ‚ÄúCivil War‚Äù when IMO there is a greater likelihood of radicalized Americans enacting another Oklahoma bombing or similar domestic attack in response of the current admins decisions to fuck over the most needy citizens- ESPECIALLY those that are prior veterans or have civil experience. I personally expect shit to hit the fan with insurgency before we go full confederacy. And with the likes of Kash Patel and the other tRumpf knob slobbers overseeing our national security, it seems like an opportune time for those groups to mobilize.",0.7,0.8,0.7,0.6,0.9,0.4,0.7
"Only on Reddit. Out in the real world, in town, nada. If you base your view of the real world on the nonsense you read on Reddit you‚Äôll always be chicken little thinking the sky is falling.",0.5,0.4,0.5,0.2,0.6,0.2,0.3
"We're already seeing the left, once again, engage in vandalism and arson, and a bit of targeted harassment.

So yeah, its not as bad as the blm riots.  but  soon as there's a police shooting that gets a lot of press, I think we'll see riots again.

an actual kinetic civil war, not just riots,  not gonna happen.",0.7,0.8,0.7,0.5,0.6,0.4,0.5
"This feels to me like a weird conception of politics. I'm sure Trump could do things differently so as to improve the chances of Republicans to win elections. But the point of politics isn't winning elections. It's to get things to happen that you want to happen, or that would be good to happen. Winning elections facilitates this insofar as it lets you make things happen in the future, but, notably, if you never use those won elections to do the things, then there's not that much point in winning them. Moreover, Trump is an old guy in his second term. He's not likely to run for president a fourth time. I don't think he cares that much about the long term health of the Republican party.",0.3,0.2,0.1,0.0,0.3,0.4,0.1
"They don‚Äôt want a government. What they‚Äôre doing is what they want. They got people who didn‚Äôt get it to vote them in, and this is their chance to do this shit.

They don‚Äôt need any support anymore. What they‚Äôre doing would/will take decades to fix.",0.7,0.8,0.5,0.2,0.6,0.4,0.5
"I agree with the majority of your points, but the ‚Äújobs created‚Äù number is highly contested. It includes jobs that were allowed to reopen after COVID lockdown measures were lifted, which is absolutely not a new job created, but the government removing itself as an impediment to existing jobs.",0.4,0.5,0.2,0.1,0.3,0.2,0.4
"Republicans won by lying about being able to roll back price increases and making domestic oil production easier + cheaper.

So they were f-ed from the start because energy is a global commodity and President cannot make oil and egg prices go down.",0.7,0.8,0.5,0.4,0.6,0.2,0.5
Trying to tout it as a strong economy hurts the idea that it was weak. They had to push that idea in order to get elected in the first place.,0.5,0.6,0.4,0.0,0.3,0.2,0.5
"A ‚Äústrong economy‚Äù on paper, with random manipulated stats does not equate to Americans feeling the effects of a strong economy. The Biden admin kept touting the ‚Äústrong economy‚Äù and the democrats lost the election. You do realize that too, right?",0.7,0.5,0.4,0.6,0.5,0.2,0.5
"This gives me 'Let them eat cake' vibes.

Telling people that can't afford food to just eat cake instead.

Human connection is a fundamental necessity for social creatures. Telling people to just change their biological needs in a society where the main human connection for most men is their partner seems like a very out of touch point to make.",0.5,0.4,0.5,0.2,0.6,0.3,0.1
"I'm really sympathetic to the argument you are making. I think, at the heart of it, is trying to recognize the inherent human worth of each person as the solution, and that's really important.

At the same time, I don't think deemphasizing relationships is the exact right way to move. I think human connection is really important and that people don't really function well alone. That is to say, I think part of incel mindset isn't just from society, but part of it is the internal frustration and loneliness associated with not being in a relationship.

So, while I don't completely disagree from what you've written, I think it's important to emphasize building relationships, whether they be romantic or platonic.",0.2,0.3,0.1,0.0,0.4,0.5,0.1
"I would like to ask, just to clarify: how accepted, do you think, would this approach be in 'incel communities'? Does them accepting the teaching factor into your view here or is it under the assumption of 'if everything was accepted'?",0.4,0.3,0.2,0.1,0.2,0.5,0.2
"Why can‚Äôt you just say that effort can increase your chances of getting a girlfriend? It‚Äôs true and it‚Äôs not a transactional message, nor does it tie self worth to sexual outcomes.",0.4,0.2,0.1,0.0,0.3,0.2,0.0
"I don't think this will still help the emotional desire to find love and connection, nor even horniness... but it could definitely help with preventing that from being an avenue for radicalization. Necessary but not sufficient.",0.4,0.2,0.1,0.1,0.5,0.2,0.3
I get what you're saying but it won't change anything because incels don't want a girlfriend or sex because society tells them they want one; incels want a girlfriend because THEY want one. And saying it's 'ok to be perpetually single' isn't helpful it's actually a bit condescending. Just apply this logic to say finances. Imagine you're struggling with money stuck working a minimum wage job and always in debt and someone says 'it's okay to be poor!' Then high fives you and humming goes on their merry way. Would you say 'Golly Gee they're right it's OK to be poor!' Probably not it might make you feel a bit better for a moment but it doesn't fix your problem. Romantic human connection is a vital part of the human experience that the vast majority of the human race craves so just telling men what effectively amounts to 'just live without' isn't helpful.,0.7,0.5,0.4,0.2,0.6,0.4,0.3
"You're literally saying that to fight against incel ideology you have to teach men that **it's OK to never experience the love of a relationship in their lives**.

You'll see societies being burn to the ground **before** you'll convince someone that's feeling excluded from something so basic as experiencing a relationship that it's ok to never experience it.

""The excluded child will watch the village burn to at least once feel it's warmth"".

Wanna fight incel ideology?

- Stop treating them as a monolith : There can be N reasons for them to fail to get a girlfriend, and some of those aren't his fault.

- Work in solving the problem, not masking the symptoms : The problem is not being able to get a girlfriend. Telling them it's OK to never experience it is the same as killing homeless people to not have homeless people found sleeping on the streets, there'll still be more homeless people showing up every now and then.",0.7,0.5,0.4,0.5,0.6,0.3,0.4
"Your proposed method is literally battling biology and there really isn‚Äôt a harder fight in nature.

How do you tell a man with a straight face it‚Äôs no big deal if he doesn‚Äôt do the one thing he was put on this earth to do biologically? 

An ugly problem is becoming uglier as time goes on and something has got to be done about it, but your proposal is not the solution.",0.7,0.5,0.4,0.2,0.6,0.4,0.3
"If I say I‚Äôm mad because I‚Äôm starving I‚Äôd rather someone show me how to get food than to tell me it‚Äôs okay that I‚Äôm hungry. Humans crave companionship. We need to teach young people, not just men, how to be in health relationships.",0.3,0.2,0.1,0.2,0.5,0.4,0.1
"Where does the money come from to pay for the development of children? Is this not still prioritizing money, but just using it for the purchase of childhood prosperity? What makes childhood prosperity more ""moral"" than care for the elderly? How does continuing to perpetuate money buying everything prove that money being capable of buying things leads to immorality?",0.5,0.2,0.1,0.0,0.3,0.1,0.2
"I‚Äôd argue people trying to put their own definition of morals on others is ruining everything. People can‚Äôt just mind their own business, they have to be involved and dictate what is right or wrong for others. It‚Äôs getting ridiculous",0.7,0.6,0.5,0.0,0.7,0.2,0.0
Things being traded for some form of currency predates developed society. Money has existed for at least 5000 years. So I don't see whaaaat changed.,0.2,0.1,0.1,0.0,0.2,0.1,0.0
"If you take the same two societies and replace children with cows, is Society 1 a better or more moral society?",0.4,0.2,0.1,0.0,0.3,0.0,0.0
"Morals only exist steadily in societies where comfort is present aka developed societies. In undeveloped nations, immorality is bought cheaper and hidden more effectively. And because of the ""strict"" morality with poor protection against money in developing nations crimes like üçá are often under reported (cops are bribeable, govt is bribeable, everything is sellable, and shame/society can affect victims more than offenders).

People sell more children in developing nations and less in developed nations. Kids are not considered priceless in either developed or developing nations but rest assured are cheaper in developing ones (hence the migration of predators to developing nations).",0.7,0.8,0.5,0.4,0.6,0.2,0.5
Can you name a time and place where morals were NOT being exchanged for money?,0.5,0.4,0.3,0.0,0.2,0.1,0.3
When has this not been the case for an extended period of time (across large parts of the world for hundreds of years/multiple generations)?,0.4,0.2,0.1,0.0,0.2,0.1,0.1
that‚Äôs a lot of words to say ‚Äúgreed bad‚Äù,0.5,0.4,0.5,0.2,0.3,0.1,0.2
So which developed society today is selling children?,0.5,0.7,0.4,0.0,0.3,0.2,0.6
"Counterpoint:

""Yous"" is right there.",0.2,0.1,0.1,0.0,0.1,0.0,0.0
It's an unnecessary distinction. I live in Canada where y'all is not commonly used and it's not a problem. There are whole languages out there with **no pluralized common nouns** (eg. the plural of sushi is sushi) and they get along based on context alone. I'd wager more English speakers globally do not use 'y'all' than do use it. If it's useful then its use would be more common.,0.4,0.2,0.1,0.0,0.3,0.2,0.1
It appears in the dictionary so it IS _an_ official plural form of _you._ But why designate as THE official form? That would make it exclusively correct and other words incorrect. That is not how languages work. There can be multiple correct ways to say something.,0.4,0.2,0.1,0.0,0.5,0.1,0.0
"I live in Australia. Nobody says ""y'all"". But some people might say ""youse"" (pronounced like ""use"") to mean the same thing. If we're going to have a plural version of you, then why should we go with y'all instead of youse? You might argue that more people live in the southern United States than Australia, so more English speakers say y'all than youse. But I would counter-argue that *vastly* more people say ""you"" as a plural, as it's the standard way to do it in the English language. As a result, I can't see an argument where the billions of people that speak English around the world should be made to start saying ""y'all"".",0.4,0.2,0.1,0.0,0.3,0.2,0.0
"Any US southerner will tell you that 'y'all' can be singular, and 'all y'all' is the proper unambiguous plural.",0.2,0.0,0.1,0.0,0.1,0.2,0.0
"I think the issue I'm seeing is that it's not actually a word in the conventional sense, it's a contraction.

Thinking along those lines, you're not supposed to use contractions in formal writing, and the same should apply here.  So in formal writing it would be ""you all"", which just puts you right back with plural ""you"", so you haven't really solved anything with this proposal.",0.4,0.1,0.2,0.0,0.3,0.1,0.0
"There is no such thing in English as something being 'official'. There is no person or organisation that has the authority to make the determination of what is or is not 'official', hence there is no concept in English of something being 'official' vs 'unofficial'. Dictionaries that have widespread recognition all operate on the descriptive principle: they record how people choose to use the language. A word gets in the dictionary with a certain definition if there is sufficient evidence of people using it in a certain way. Bodies that attempt to determine what is 'correct', eg style guides, all operate in an unofficial capacity.",0.7,0.2,0.1,0.0,0.3,0.1,0.2
Yinz ain't gonna get me to say 'y'all' with a gumband to my head,0.7,0.2,0.5,0.0,0.6,0.4,0.1
"No.

Y'all makes you sound like a hick.

I feel like I grammared wrong lol. People that say ""y'all"" sound like hicks, I mean.",0.2,0.1,0.3,0.0,0.2,0.1,0.0
